"FullName","Length"
"C:\Users\User\Documents\Projects\askatutor\.env","438"
"C:\Users\User\Documents\Projects\askatutor\.env.example","1878"
"C:\Users\User\Documents\Projects\askatutor\.gitignore","398"
"C:\Users\User\Documents\Projects\askatutor\.prettierignore","92"
"C:\Users\User\Documents\Projects\askatutor\.prettierrc","120"
"C:\Users\User\Documents\Projects\askatutor\all_triggers.sql","180"
"C:\Users\User\Documents\Projects\askatutor\architecture-file-inventory.csv","0"
"C:\Users\User\Documents\Projects\askatutor\architecture-inventory.md","55066"
"C:\Users\User\Documents\Projects\askatutor\architecture-inventory-v2.md","169802"
"C:\Users\User\Documents\Projects\askatutor\architecture-inventory-v3-arena.md","112507"
"C:\Users\User\Documents\Projects\askatutor\askatutorlive-arena-final.md","56805"
"C:\Users\User\Documents\Projects\askatutor\askatutor-tree.txt","287412"
"C:\Users\User\Documents\Projects\askatutor\bun.lock","261588"
"C:\Users\User\Documents\Projects\askatutor\bunfig.toml","245"
"C:\Users\User\Documents\Projects\askatutor\CATEGORY2_PRODUCTION_VERIFICATION_RESULT.md","2481"
"C:\Users\User\Documents\Projects\askatutor\check_auth_users.sql","99"
"C:\Users\User\Documents\Projects\askatutor\check_auth_users_full.sql","129"
"C:\Users\User\Documents\Projects\askatutor\check_category2_counts.sql","546"
"C:\Users\User\Documents\Projects\askatutor\check_other_tables_rls.sql","133"
"C:\Users\User\Documents\Projects\askatutor\check_participants_view.sql","103"
"C:\Users\User\Documents\Projects\askatutor\check_profiles.sql","101"
"C:\Users\User\Documents\Projects\askatutor\check_rls_status.sql","158"
"C:\Users\User\Documents\Projects\askatutor\check_sessions_columns.sql","107"
"C:\Users\User\Documents\Projects\askatutor\check_sessions_data.sql","39"
"C:\Users\User\Documents\Projects\askatutor\check_table_counts.sql","335"
"C:\Users\User\Documents\Projects\askatutor\check_trigger.sql","200"
"C:\Users\User\Documents\Projects\askatutor\check_tutor_subscriptions.sql","50"
"C:\Users\User\Documents\Projects\askatutor\check_user_id.sql","120"
"C:\Users\User\Documents\Projects\askatutor\check_user_roles_data.sql","41"
"C:\Users\User\Documents\Projects\askatutor\components.json","443"
"C:\Users\User\Documents\Projects\askatutor\current_sessions_policies.sql","94"
"C:\Users\User\Documents\Projects\askatutor\DEPLOYMENT.md","3646"
"C:\Users\User\Documents\Projects\askatutor\eslint.config.js","1250"
"C:\Users\User\Documents\Projects\askatutor\forum_posts_count.sql","47"
"C:\Users\User\Documents\Projects\askatutor\GAP_REGISTER.md","10417"
"C:\Users\User\Documents\Projects\askatutor\inspect_policies_profiles.sql","94"
"C:\Users\User\Documents\Projects\askatutor\inspect_policies_sessions.sql","94"
"C:\Users\User\Documents\Projects\askatutor\inspect_policies_tutor_courses.sql","99"
"C:\Users\User\Documents\Projects\askatutor\inspect_policies_tutor_subscriptions.sql","105"
"C:\Users\User\Documents\Projects\askatutor\inspect_policies_user_roles.sql","96"
"C:\Users\User\Documents\Projects\askatutor\inspect_profiles.sql","147"
"C:\Users\User\Documents\Projects\askatutor\inspect_sessions.sql","147"
"C:\Users\User\Documents\Projects\askatutor\inspect_tutor_courses.sql","152"
"C:\Users\User\Documents\Projects\askatutor\inspect_tutor_subscriptions.sql","158"
"C:\Users\User\Documents\Projects\askatutor\inspect_user_roles.sql","133"
"C:\Users\User\Documents\Projects\askatutor\list_tables.sql","99"
"C:\Users\User\Documents\Projects\askatutor\package.json","3787"
"C:\Users\User\Documents\Projects\askatutor\public\favicon.ico","55226"
"C:\Users\User\Documents\Projects\askatutor\public\logo.png","747825"
"C:\Users\User\Documents\Projects\askatutor\public\manifest.json","493"
"C:\Users\User\Documents\Projects\askatutor\README.md","136"
"C:\Users\User\Documents\Projects\askatutor\scripts\start-node.mjs","505"
"C:\Users\User\Documents\Projects\askatutor\site_content_data.sql","42"
"C:\Users\User\Documents\Projects\askatutor\src\assets\logo.jpg","42819"
"C:\Users\User\Documents\Projects\askatutor\src\assets\logo.png","747825"
"C:\Users\User\Documents\Projects\askatutor\src\components\admin\AiKeyManager.tsx","5883"
"C:\Users\User\Documents\Projects\askatutor\src\components\admin\AiProviderSelect.tsx","2277"
"C:\Users\User\Documents\Projects\askatutor\src\components\admin\ConfigToggle.tsx","2395"
"C:\Users\User\Documents\Projects\askatutor\src\components\ai\DiagramBlock.tsx","2406"
"C:\Users\User\Documents\Projects\askatutor\src\components\ai\SaveToNotes.tsx","1862"
"C:\Users\User\Documents\Projects\askatutor\src\components\ai\SmartMarkdown.tsx","2708"
"C:\Users\User\Documents\Projects\askatutor\src\components\classroom\ActionBar.tsx","9693"
"C:\Users\User\Documents\Projects\askatutor\src\components\classroom\AIAssistantPanel.tsx","4370"
"C:\Users\User\Documents\Projects\askatutor\src\components\classroom\ClassroomChat.tsx","3942"
"C:\Users\User\Documents\Projects\askatutor\src\components\classroom\ClassroomHeader.tsx","3368"
"C:\Users\User\Documents\Projects\askatutor\src\components\classroom\ClassroomShell.tsx","10984"
"C:\Users\User\Documents\Projects\askatutor\src\components\classroom\ClassroomStage.tsx","2744"
"C:\Users\User\Documents\Projects\askatutor\src\components\classroom\DeviceSettingsDialog.tsx","2683"
"C:\Users\User\Documents\Projects\askatutor\src\components\classroom\ParticipantsPanel.tsx","4168"
"C:\Users\User\Documents\Projects\askatutor\src\components\classroom\SidePanel.tsx","6967"
"C:\Users\User\Documents\Projects\askatutor\src\components\classroom\useSessionTimer.ts","694"
"C:\Users\User\Documents\Projects\askatutor\src\components\classroom\VideoCard.tsx","4546"
"C:\Users\User\Documents\Projects\askatutor\src\components\classroom\VideoLayout.tsx","8877"
"C:\Users\User\Documents\Projects\askatutor\src\components\classroom\VideoStage.tsx","2557"
"C:\Users\User\Documents\Projects\askatutor\src\components\ClassroomFiles.tsx","5229"
"C:\Users\User\Documents\Projects\askatutor\src\components\dashboard\AdminHome.tsx","22876"
"C:\Users\User\Documents\Projects\askatutor\src\components\dashboard\AppShell.tsx","16175"
"C:\Users\User\Documents\Projects\askatutor\src\components\dashboard\CommandPalette.tsx","3324"
"C:\Users\User\Documents\Projects\askatutor\src\components\dashboard\primitives.tsx","4325"
"C:\Users\User\Documents\Projects\askatutor\src\components\dashboard\StudentHome.tsx","21227"
"C:\Users\User\Documents\Projects\askatutor\src\components\dashboard\TutorHome.tsx","21519"
"C:\Users\User\Documents\Projects\askatutor\src\components\home\HomeSections.tsx","13506"
"C:\Users\User\Documents\Projects\askatutor\src\components\InstallPrompt.tsx","3720"
"C:\Users\User\Documents\Projects\askatutor\src\components\lab3d\AmbientEmpty.tsx","3396"
"C:\Users\User\Documents\Projects\askatutor\src\components\lab3d\GeoView.tsx","3614"
"C:\Users\User\Documents\Projects\askatutor\src\components\lab3d\LanguageView.tsx","3156"
"C:\Users\User\Documents\Projects\askatutor\src\components\lab3d\physics.ts","5891"
"C:\Users\User\Documents\Projects\askatutor\src\components\lab3d\ProcessView.tsx","4398"
"C:\Users\User\Documents\Projects\askatutor\src\components\lab3d\Scene2D.tsx","3881"
"C:\Users\User\Documents\Projects\askatutor\src\components\lab3d\SimChat.tsx","4542"
"C:\Users\User\Documents\Projects\askatutor\src\components\lab3d\SimDispatch.tsx","2137"
"C:\Users\User\Documents\Projects\askatutor\src\components\lab3d\SimScene.tsx","8162"
"C:\Users\User\Documents\Projects\askatutor\src\components\lab3d\TimelineView.tsx","2533"
"C:\Users\User\Documents\Projects\askatutor\src\components\LorddaLab.tsx","11465"
"C:\Users\User\Documents\Projects\askatutor\src\components\MathTools.tsx","8362"
"C:\Users\User\Documents\Projects\askatutor\src\components\MobileTabBar.tsx","2497"
"C:\Users\User\Documents\Projects\askatutor\src\components\Navbar.tsx","7193"
"C:\Users\User\Documents\Projects\askatutor\src\components\payments\PayButton.tsx","1961"
"C:\Users\User\Documents\Projects\askatutor\src\components\ScheduleStudentCard.tsx","5015"
"C:\Users\User\Documents\Projects\askatutor\src\components\ScopeGate.tsx","1557"
"C:\Users\User\Documents\Projects\askatutor\src\components\ThreeDLab.tsx","3065"
"C:\Users\User\Documents\Projects\askatutor\src\components\ui\accordion.tsx","2015"
"C:\Users\User\Documents\Projects\askatutor\src\components\ui\alert.tsx","1589"
"C:\Users\User\Documents\Projects\askatutor\src\components\ui\alert-dialog.tsx","4183"
"C:\Users\User\Documents\Projects\askatutor\src\components\ui\aspect-ratio.tsx","143"
"C:\Users\User\Documents\Projects\askatutor\src\components\ui\avatar.tsx","1413"
"C:\Users\User\Documents\Projects\askatutor\src\components\ui\badge.tsx","1123"
"C:\Users\User\Documents\Projects\askatutor\src\components\ui\breadcrumb.tsx","2749"
"C:\Users\User\Documents\Projects\askatutor\src\components\ui\button.tsx","1894"
"C:\Users\User\Documents\Projects\askatutor\src\components\ui\calendar.tsx","7210"
"C:\Users\User\Documents\Projects\askatutor\src\components\ui\card.tsx","1817"
"C:\Users\User\Documents\Projects\askatutor\src\components\ui\carousel.tsx","6200"
"C:\Users\User\Documents\Projects\askatutor\src\components\ui\chart.tsx","10570"
"C:\Users\User\Documents\Projects\askatutor\src\components\ui\checkbox.tsx","1043"
"C:\Users\User\Documents\Projects\askatutor\src\components\ui\collapsible.tsx","335"
"C:\Users\User\Documents\Projects\askatutor\src\components\ui\command.tsx","4876"
"C:\Users\User\Documents\Projects\askatutor\src\components\ui\context-menu.tsx","7391"
"C:\Users\User\Documents\Projects\askatutor\src\components\ui\dialog.tsx","3648"
"C:\Users\User\Documents\Projects\askatutor\src\components\ui\drawer.tsx","2973"
"C:\Users\User\Documents\Projects\askatutor\src\components\ui\dropdown-menu.tsx","7596"
"C:\Users\User\Documents\Projects\askatutor\src\components\ui\form.tsx","4201"
"C:\Users\User\Documents\Projects\askatutor\src\components\ui\hover-card.tsx","1246"
"C:\Users\User\Documents\Projects\askatutor\src\components\ui\input.tsx","776"
"C:\Users\User\Documents\Projects\askatutor\src\components\ui\input-otp.tsx","2161"
"C:\Users\User\Documents\Projects\askatutor\src\components\ui\label.tsx","716"
"C:\Users\User\Documents\Projects\askatutor\src\components\ui\menubar.tsx","8546"
"C:\Users\User\Documents\Projects\askatutor\src\components\ui\navigation-menu.tsx","5152"
"C:\Users\User\Documents\Projects\askatutor\src\components\ui\pagination.tsx","2739"
"C:\Users\User\Documents\Projects\askatutor\src\components\ui\popover.tsx","1352"
"C:\Users\User\Documents\Projects\askatutor\src\components\ui\progress.tsx","781"
"C:\Users\User\Documents\Projects\askatutor\src\components\ui\radio-group.tsx","1405"
"C:\Users\User\Documents\Projects\askatutor\src\components\ui\resizable.tsx","1552"
"C:\Users\User\Documents\Projects\askatutor\src\components\ui\scroll-area.tsx","1635"
"C:\Users\User\Documents\Projects\askatutor\src\components\ui\select.tsx","5749"
"C:\Users\User\Documents\Projects\askatutor\src\components\ui\separator.tsx","723"
"C:\Users\User\Documents\Projects\askatutor\src\components\ui\sheet.tsx","4248"
"C:\Users\User\Documents\Projects\askatutor\src\components\ui\sidebar.tsx","23975"
"C:\Users\User\Documents\Projects\askatutor\src\components\ui\skeleton.tsx","239"
"C:\Users\User\Documents\Projects\askatutor\src\components\ui\slider.tsx","1025"
"C:\Users\User\Documents\Projects\askatutor\src\components\ui\sonner.tsx","734"
"C:\Users\User\Documents\Projects\askatutor\src\components\ui\switch.tsx","1156"
"C:\Users\User\Documents\Projects\askatutor\src\components\ui\table.tsx","2820"
"C:\Users\User\Documents\Projects\askatutor\src\components\ui\tabs.tsx","1934"
"C:\Users\User\Documents\Projects\askatutor\src\components\ui\textarea.tsx","677"
"C:\Users\User\Documents\Projects\askatutor\src\components\ui\toggle.tsx","1534"
"C:\Users\User\Documents\Projects\askatutor\src\components\ui\toggle-group.tsx","1752"
"C:\Users\User\Documents\Projects\askatutor\src\components\ui\tooltip.tsx","1278"
"C:\Users\User\Documents\Projects\askatutor\src\components\WebGLLab.tsx","7428"
"C:\Users\User\Documents\Projects\askatutor\src\components\whiteboard\ai\ConvertButton.tsx","3701"
"C:\Users\User\Documents\Projects\askatutor\src\components\whiteboard\ai\insertConversion.ts","8590"
"C:\Users\User\Documents\Projects\askatutor\src\components\whiteboard\canvas\engine.ts","4516"
"C:\Users\User\Documents\Projects\askatutor\src\components\whiteboard\canvas\exporter.ts","3481"
"C:\Users\User\Documents\Projects\askatutor\src\components\whiteboard\canvas\latex.ts","2618"
"C:\Users\User\Documents\Projects\askatutor\src\components\whiteboard\canvas\realtime.ts","2524"
"C:\Users\User\Documents\Projects\askatutor\src\components\whiteboard\canvas\renderer.ts","11947"
"C:\Users\User\Documents\Projects\askatutor\src\components\whiteboard\canvas\smooth.ts","1462"
"C:\Users\User\Documents\Projects\askatutor\src\components\whiteboard\canvas\Whiteboard.tsx","58010"
"C:\Users\User\Documents\Projects\askatutor\src\components\whiteboard\collaboration\cursors.tsx","1106"
"C:\Users\User\Documents\Projects\askatutor\src\components\whiteboard\index.ts","84"
"C:\Users\User\Documents\Projects\askatutor\src\hooks\use-agent.ts","2197"
"C:\Users\User\Documents\Projects\askatutor\src\hooks\use-auth.tsx","2141"
"C:\Users\User\Documents\Projects\askatutor\src\hooks\useClassroomRTC.ts","2811"
"C:\Users\User\Documents\Projects\askatutor\src\hooks\use-entitlements.ts","1214"
"C:\Users\User\Documents\Projects\askatutor\src\hooks\use-mobile.tsx","576"
"C:\Users\User\Documents\Projects\askatutor\src\hooks\use-platform-config.ts","1579"
"C:\Users\User\Documents\Projects\askatutor\src\hooks\use-theme.tsx","1141"
"C:\Users\User\Documents\Projects\askatutor\src\integrations\supabase\auth-attacher.ts","611"
"C:\Users\User\Documents\Projects\askatutor\src\integrations\supabase\auth-middleware.ts","2363"
"C:\Users\User\Documents\Projects\askatutor\src\integrations\supabase\client.server.ts","1781"
"C:\Users\User\Documents\Projects\askatutor\src\integrations\supabase\client.ts","1630"
"C:\Users\User\Documents\Projects\askatutor\src\integrations\supabase\types.ts","83731"
"C:\Users\User\Documents\Projects\askatutor\src\lib\access.functions.ts","3016"
"C:\Users\User\Documents\Projects\askatutor\src\lib\admin.functions.ts","3710"
"C:\Users\User\Documents\Projects\askatutor\src\lib\agents\registry.server.ts","4629"
"C:\Users\User\Documents\Projects\askatutor\src\lib\agents\run-agent.functions.ts","1082"
"C:\Users\User\Documents\Projects\askatutor\src\lib\ai\keys.functions.ts","4827"
"C:\Users\User\Documents\Projects\askatutor\src\lib\ai\provider.server.ts","9388"
"C:\Users\User\Documents\Projects\askatutor\src\lib\ai-entitlement.ts","4448"
"C:\Users\User\Documents\Projects\askatutor\src\lib\ai-tools.functions.ts","4160"
"C:\Users\User\Documents\Projects\askatutor\src\lib\ai-tutor.functions.ts","7088"
"C:\Users\User\Documents\Projects\askatutor\src\lib\booking-emails.functions.ts","3945"
"C:\Users\User\Documents\Projects\askatutor\src\lib\classroom-rtc\index.ts","564"
"C:\Users\User\Documents\Projects\askatutor\src\lib\classroom-rtc\PeerToPeerRTCService.ts","17056"
"C:\Users\User\Documents\Projects\askatutor\src\lib\classroom-rtc\types.ts","1946"
"C:\Users\User\Documents\Projects\askatutor\src\lib\course-materials.functions.ts","2080"
"C:\Users\User\Documents\Projects\askatutor\src\lib\email\enqueue.server.ts","4438"
"C:\Users\User\Documents\Projects\askatutor\src\lib\email\provider.server.ts","4914"
"C:\Users\User\Documents\Projects\askatutor\src\lib\email-templates\_shared.ts","952"
"C:\Users\User\Documents\Projects\askatutor\src\lib\email-templates\booking-confirmation.tsx","2701"
"C:\Users\User\Documents\Projects\askatutor\src\lib\email-templates\help-confirmation.tsx","1516"
"C:\Users\User\Documents\Projects\askatutor\src\lib\email-templates\help-new-ticket.tsx","1482"
"C:\Users\User\Documents\Projects\askatutor\src\lib\email-templates\registry.ts","505"
"C:\Users\User\Documents\Projects\askatutor\src\lib\email-templates\subscription-approved.tsx","1324"
"C:\Users\User\Documents\Projects\askatutor\src\lib\email-templates\subscription-rejected.tsx","1407"
"C:\Users\User\Documents\Projects\askatutor\src\lib\email-templates\welcome.tsx","1192"
"C:\Users\User\Documents\Projects\askatutor\src\lib\entitlements.functions.ts","499"
"C:\Users\User\Documents\Projects\askatutor\src\lib\error-capture.ts","906"
"C:\Users\User\Documents\Projects\askatutor\src\lib\error-page.ts","1371"
"C:\Users\User\Documents\Projects\askatutor\src\lib\help.functions.ts","4312"
"C:\Users\User\Documents\Projects\askatutor\src\lib\lab-modules.ts","15327"
"C:\Users\User\Documents\Projects\askatutor\src\lib\payments\checkout.functions.ts","2864"
"C:\Users\User\Documents\Projects\askatutor\src\lib\payments\paypal.server.ts","6029"
"C:\Users\User\Documents\Projects\askatutor\src\lib\payments\router.server.ts","4839"
"C:\Users\User\Documents\Projects\askatutor\src\lib\payments\webhook-actions.ts","2203"
"C:\Users\User\Documents\Projects\askatutor\src\lib\room-access.ts","1252"
"C:\Users\User\Documents\Projects\askatutor\src\lib\server\platform.ts","3929"
"C:\Users\User\Documents\Projects\askatutor\src\lib\sim-chat.functions.ts","2549"
"C:\Users\User\Documents\Projects\askatutor\src\lib\sim-lab.functions.ts","20473"
"C:\Users\User\Documents\Projects\askatutor\src\lib\students.functions.ts","1495"
"C:\Users\User\Documents\Projects\askatutor\src\lib\utils.ts","169"
"C:\Users\User\Documents\Projects\askatutor\src\lib\webgl\geometry.ts","3282"
"C:\Users\User\Documents\Projects\askatutor\src\lib\webgl\mat4.ts","2905"
"C:\Users\User\Documents\Projects\askatutor\src\lib\webgl\renderer.ts","4447"
"C:\Users\User\Documents\Projects\askatutor\src\lib\webgl\scenes.ts","6708"
"C:\Users\User\Documents\Projects\askatutor\src\lib\whiteboard-ai.functions.ts","3673"
"C:\Users\User\Documents\Projects\askatutor\src\router.tsx","394"
"C:\Users\User\Documents\Projects\askatutor\src\routes\__root.tsx","4900"
"C:\Users\User\Documents\Projects\askatutor\src\routes\_authenticated.tsx","760"
"C:\Users\User\Documents\Projects\askatutor\src\routes\_authenticated\admin.ai.tsx","1455"
"C:\Users\User\Documents\Projects\askatutor\src\routes\_authenticated\admin.analytics.tsx","4092"
"C:\Users\User\Documents\Projects\askatutor\src\routes\_authenticated\admin.audit.tsx","6026"
"C:\Users\User\Documents\Projects\askatutor\src\routes\_authenticated\admin.classrooms.tsx","1032"
"C:\Users\User\Documents\Projects\askatutor\src\routes\_authenticated\admin.commissions.tsx","10599"
"C:\Users\User\Documents\Projects\askatutor\src\routes\_authenticated\admin.index.tsx","30710"
"C:\Users\User\Documents\Projects\askatutor\src\routes\_authenticated\admin.moderation.tsx","2794"
"C:\Users\User\Documents\Projects\askatutor\src\routes\_authenticated\admin.payments.tsx","13370"
"C:\Users\User\Documents\Projects\askatutor\src\routes\_authenticated\admin.payouts.tsx","46691"
"C:\Users\User\Documents\Projects\askatutor\src\routes\_authenticated\admin.plans.tsx","13991"
"C:\Users\User\Documents\Projects\askatutor\src\routes\_authenticated\admin.promotions.tsx","7387"
"C:\Users\User\Documents\Projects\askatutor\src\routes\_authenticated\admin.reports.tsx","2607"
"C:\Users\User\Documents\Projects\askatutor\src\routes\_authenticated\admin.students.tsx","2819"
"C:\Users\User\Documents\Projects\askatutor\src\routes\_authenticated\admin.tutors.tsx","4208"
"C:\Users\User\Documents\Projects\askatutor\src\routes\_authenticated\admin.whiteboard.tsx","1423"
"C:\Users\User\Documents\Projects\askatutor\src\routes\_authenticated\ai-tools.tsx","8406"
"C:\Users\User\Documents\Projects\askatutor\src\routes\_authenticated\ai-tutor.tsx","10034"
"C:\Users\User\Documents\Projects\askatutor\src\routes\_authenticated\assignments.tsx","9183"
"C:\Users\User\Documents\Projects\askatutor\src\routes\_authenticated\become-tutor.tsx","13484"
"C:\Users\User\Documents\Projects\askatutor\src\routes\_authenticated\book.$tutorId.tsx","16927"
"C:\Users\User\Documents\Projects\askatutor\src\routes\_authenticated\calendar.tsx","6154"
"C:\Users\User\Documents\Projects\askatutor\src\routes\_authenticated\certificate.tsx","6439"
"C:\Users\User\Documents\Projects\askatutor\src\routes\_authenticated\classroom.$roomId.tsx","1565"
"C:\Users\User\Documents\Projects\askatutor\src\routes\_authenticated\code.tsx","5302"
"C:\Users\User\Documents\Projects\askatutor\src\routes\_authenticated\courses.tsx","16919"
"C:\Users\User\Documents\Projects\askatutor\src\routes\_authenticated\dashboard.tsx","47036"
"C:\Users\User\Documents\Projects\askatutor\src\routes\_authenticated\labs.tsx","4526"
"C:\Users\User\Documents\Projects\askatutor\src\routes\_authenticated\labs_.simulation-lab.tsx","24379"
"C:\Users\User\Documents\Projects\askatutor\src\routes\_authenticated\lessons.tsx","8837"
"C:\Users\User\Documents\Projects\askatutor\src\routes\_authenticated\messages.tsx","7864"
"C:\Users\User\Documents\Projects\askatutor\src\routes\_authenticated\my-courses.tsx","4320"
"C:\Users\User\Documents\Projects\askatutor\src\routes\_authenticated\notes.tsx","6530"
"C:\Users\User\Documents\Projects\askatutor\src\routes\_authenticated\notifications.tsx","3973"
"C:\Users\User\Documents\Projects\askatutor\src\routes\_authenticated\parent.children.tsx","7507"
"C:\Users\User\Documents\Projects\askatutor\src\routes\_authenticated\parent.tsx","5762"
"C:\Users\User\Documents\Projects\askatutor\src\routes\_authenticated\pay-tutor.tsx","6542"
"C:\Users\User\Documents\Projects\askatutor\src\routes\_authenticated\records.tsx","4958"
"C:\Users\User\Documents\Projects\askatutor\src\routes\_authenticated\resources.tsx","7020"
"C:\Users\User\Documents\Projects\askatutor\src\routes\_authenticated\settings.tsx","11738"
"C:\Users\User\Documents\Projects\askatutor\src\routes\_authenticated\tutor.availability.tsx","7593"
"C:\Users\User\Documents\Projects\askatutor\src\routes\_authenticated\tutor.holidays.tsx","4284"
"C:\Users\User\Documents\Projects\askatutor\src\routes\_authenticated\wallet.tsx","8353"
"C:\Users\User\Documents\Projects\askatutor\src\routes\_authenticated\whiteboard-review.$sessionId.tsx","1314"
"C:\Users\User\Documents\Projects\askatutor\src\routes\api\checkout\return.tsx","3855"
"C:\Users\User\Documents\Projects\askatutor\src\routes\api\public\webhooks\paypal.ts","3111"
"C:\Users\User\Documents\Projects\askatutor\src\routes\auth.tsx","6958"
"C:\Users\User\Documents\Projects\askatutor\src\routes\checkout.cancelled.tsx","740"
"C:\Users\User\Documents\Projects\askatutor\src\routes\checkout.failed.tsx","1219"
"C:\Users\User\Documents\Projects\askatutor\src\routes\checkout.success.tsx","740"
"C:\Users\User\Documents\Projects\askatutor\src\routes\community.tsx","9853"
"C:\Users\User\Documents\Projects\askatutor\src\routes\email\unsubscribe.ts","5394"
"C:\Users\User\Documents\Projects\askatutor\src\routes\help.tsx","3652"
"C:\Users\User\Documents\Projects\askatutor\src\routes\index.tsx","14643"
"C:\Users\User\Documents\Projects\askatutor\src\routes\leaderboard.tsx","4859"
"C:\Users\User\Documents\Projects\askatutor\src\routes\reset-password.tsx","5552"
"C:\Users\User\Documents\Projects\askatutor\src\routes\tutor.$id.tsx","8093"
"C:\Users\User\Documents\Projects\askatutor\src\routes\tutors.tsx","13071"
"C:\Users\User\Documents\Projects\askatutor\src\routes\unsubscribe.tsx","3253"
"C:\Users\User\Documents\Projects\askatutor\src\routeTree.gen.ts","53389"
"C:\Users\User\Documents\Projects\askatutor\src\server.ts","365"
"C:\Users\User\Documents\Projects\askatutor\src\start.ts","854"
"C:\Users\User\Documents\Projects\askatutor\src\styles.css","8054"
"C:\Users\User\Documents\Projects\askatutor\src-tree.txt","1400"
"C:\Users\User\Documents\Projects\askatutor\supabase\.temp\gotrue-version","8"
"C:\Users\User\Documents\Projects\askatutor\supabase\.temp\linked-project.json","169"
"C:\Users\User\Documents\Projects\askatutor\supabase\.temp\pooler-url","92"
"C:\Users\User\Documents\Projects\askatutor\supabase\.temp\postgres-version","10"
"C:\Users\User\Documents\Projects\askatutor\supabase\.temp\project-ref","20"
"C:\Users\User\Documents\Projects\askatutor\supabase\.temp\rest-version","6"
"C:\Users\User\Documents\Projects\askatutor\supabase\.temp\storage-migration","23"
"C:\Users\User\Documents\Projects\askatutor\supabase\.temp\storage-version","7"
"C:\Users\User\Documents\Projects\askatutor\supabase\config.toml","36"
"C:\Users\User\Documents\Projects\askatutor\supabase\migrations\20260518180453_b7b6b188-b2f9-4a6e-8317-5f8fd52bffac.sql","4687"
"C:\Users\User\Documents\Projects\askatutor\supabase\migrations\20260518180507_8749a32b-dc91-4e11-b9de-8107bc6e9a43.sql","343"
"C:\Users\User\Documents\Projects\askatutor\supabase\migrations\20260518180559_079a0331-844f-4a93-af54-df8c3b16c8ff.sql","127"
"C:\Users\User\Documents\Projects\askatutor\supabase\migrations\20260520134733_17b373c0-0c07-41a8-a4e7-7a2d37738f9b.sql","872"
"C:\Users\User\Documents\Projects\askatutor\supabase\migrations\20260521120359_e0e495a3-e6c6-4d8c-9376-6aab3bcb158c.sql","1125"
"C:\Users\User\Documents\Projects\askatutor\supabase\migrations\20260521120426_f8a86ba3-535c-4a9b-9c14-d92ffe33f02c.sql","999"
"C:\Users\User\Documents\Projects\askatutor\supabase\migrations\20260521120758_573f01a8-70c7-4bea-904d-df0f39bd7928.sql","1877"
"C:\Users\User\Documents\Projects\askatutor\supabase\migrations\20260522062230_43125182-8270-4977-9b19-ccf05619dfc1.sql","1131"
"C:\Users\User\Documents\Projects\askatutor\supabase\migrations\20260522073549_72500aff-965a-49a8-b3ab-2239c850168b.sql","2113"
"C:\Users\User\Documents\Projects\askatutor\supabase\migrations\20260522080609_f51f3676-392c-4338-9bf9-df9c105ace54.sql","1219"
"C:\Users\User\Documents\Projects\askatutor\supabase\migrations\20260522081314_e4dfd053-8a0b-4f10-b201-0bf7b8ed2693.sql","0"
"C:\Users\User\Documents\Projects\askatutor\supabase\migrations\20260522083220_390d842b-0b64-43c7-b5e6-c87b5c7fd60f.sql","4058"
"C:\Users\User\Documents\Projects\askatutor\supabase\migrations\20260522085703_b8342121-277e-478e-9c42-e2786a56c7c3.sql","1649"
"C:\Users\User\Documents\Projects\askatutor\supabase\migrations\20260522085716_cae43fa7-ce66-4c10-81a1-e0f4588a6e75.sql","421"
"C:\Users\User\Documents\Projects\askatutor\supabase\migrations\20260522092853_email_infra.sql","11343"
"C:\Users\User\Documents\Projects\askatutor\supabase\migrations\20260522092905_email_infra.sql","11343"
"C:\Users\User\Documents\Projects\askatutor\supabase\migrations\20260522093122_email_infra.sql","11343"
"C:\Users\User\Documents\Projects\askatutor\supabase\migrations\20260522105704_683e0c7c-3a9f-4da8-822e-a34d221a36f2.sql","974"
"C:\Users\User\Documents\Projects\askatutor\supabase\migrations\20260522110136_e7689ab4-ce46-4391-8a25-1cc5f1eb3a9d.sql","3764"
"C:\Users\User\Documents\Projects\askatutor\supabase\migrations\20260522113118_7b053bf2-58a5-48b8-8dbe-dbb0583cf4a1.sql","2895"
"C:\Users\User\Documents\Projects\askatutor\supabase\migrations\20260522120800_fe282aa0-ce58-4c5b-a14a-79b180215e97.sql","1119"
"C:\Users\User\Documents\Projects\askatutor\supabase\migrations\20260523081725_04e83f6c-dd2a-4938-9b33-3e24fa61ed29.sql","1555"
"C:\Users\User\Documents\Projects\askatutor\supabase\migrations\20260523083334_1bbbc501-2402-4d07-a676-38c68d2d1f0b.sql","572"
"C:\Users\User\Documents\Projects\askatutor\supabase\migrations\20260524041428_148987e9-23da-47fa-8182-294dcfc9400c.sql","1152"
"C:\Users\User\Documents\Projects\askatutor\supabase\migrations\20260524041718_e722d83c-5457-4ec3-b7b6-c6e8be29c3df.sql","2315"
"C:\Users\User\Documents\Projects\askatutor\supabase\migrations\20260524041736_08febb8a-724f-4196-9c78-0b3d6784c153.sql","50"
"C:\Users\User\Documents\Projects\askatutor\supabase\migrations\20260524042040_6fd4de5c-4856-4bbc-a86b-eda4026f5bff.sql","90"
"C:\Users\User\Documents\Projects\askatutor\supabase\migrations\20260524042244_6ecb8491-343f-435d-9189-c0e2483ea230.sql","5582"
"C:\Users\User\Documents\Projects\askatutor\supabase\migrations\20260524042859_808cd5c3-c692-4ca0-b22d-e5359b17464c.sql","353"
"C:\Users\User\Documents\Projects\askatutor\supabase\migrations\20260524043637_d17d6f91-84c3-45ff-af6b-648a666f715d.sql","2018"
"C:\Users\User\Documents\Projects\askatutor\supabase\migrations\20260524044641_c5814e6b-fe15-459d-96b0-746ba98fdc2c.sql","1177"
"C:\Users\User\Documents\Projects\askatutor\supabase\migrations\20260524044744_email_infra.sql","11343"
"C:\Users\User\Documents\Projects\askatutor\supabase\migrations\20260524051514_1878b3e2-125a-46eb-a789-fa1409028e71.sql","2015"
"C:\Users\User\Documents\Projects\askatutor\supabase\migrations\20260524064757_b2d8e9c2-2d6e-4b76-8a73-dd3c1987a2ae.sql","1019"
"C:\Users\User\Documents\Projects\askatutor\supabase\migrations\20260524065325_6df81ffd-fb2e-4df8-ac71-5b5f8cd92554.sql","787"
"C:\Users\User\Documents\Projects\askatutor\supabase\migrations\20260524070449_ae8130d6-d9a2-4437-8dd0-73c2893185b3.sql","3370"
"C:\Users\User\Documents\Projects\askatutor\supabase\migrations\20260524074439_b5bca5df-a7ce-40c8-a931-d1e64321d7b5.sql","526"
"C:\Users\User\Documents\Projects\askatutor\supabase\migrations\20260525125039_8673bafb-4eda-434f-9900-1a4c688ab424.sql","910"
"C:\Users\User\Documents\Projects\askatutor\supabase\migrations\20260528060818_02ef6fb2-553e-43f1-900a-bd8eb4dd56af.sql","265"
"C:\Users\User\Documents\Projects\askatutor\supabase\migrations\20260530152504_b823d221-b60a-432b-85ac-0745a79e9d55.sql","8306"
"C:\Users\User\Documents\Projects\askatutor\supabase\migrations\20260601045818_f63dbd87-f3a0-4e98-8232-d380ac4a68f6.sql","6545"
"C:\Users\User\Documents\Projects\askatutor\supabase\migrations\20260605061006_40c146b5-f458-4620-a3ed-688348719a19.sql","2941"
"C:\Users\User\Documents\Projects\askatutor\supabase\migrations\20260611082303_c77aeed1-ee3d-4917-983d-abc4f0e52ceb.sql","3256"
"C:\Users\User\Documents\Projects\askatutor\supabase\migrations\20260620193809_e7f89819-b8cc-4e85-9441-39e6b31e579d.sql","3852"
"C:\Users\User\Documents\Projects\askatutor\supabase\migrations\20260620193831_7e7a3f45-9cbe-4ad4-91c4-0884121a0b3a.sql","996"
"C:\Users\User\Documents\Projects\askatutor\supabase\migrations\20260622125739_8a71ad77-3504-43d2-92b4-3fedd6b2a91e.sql","18128"
"C:\Users\User\Documents\Projects\askatutor\supabase\migrations\20260622125757_eabc3c74-3adb-4b2a-bb50-d98a2da0a202.sql","640"
"C:\Users\User\Documents\Projects\askatutor\supabase\migrations\20260622133155_c56722d8-1a65-4287-bf95-1c06689bba3f.sql","8936"
"C:\Users\User\Documents\Projects\askatutor\supabase\migrations\20260623074007_ddbe3e51-097a-4763-af33-95b236a42698.sql","1765"
"C:\Users\User\Documents\Projects\askatutor\supabase\migrations\20260623075231_4c324342-ee6b-47fa-ad48-39af2516c21c.sql","1976"
"C:\Users\User\Documents\Projects\askatutor\supabase\migrations\20260623082025_9963a138-6dc4-4d83-8b63-3cd31e3a7504.sql","24931"
"C:\Users\User\Documents\Projects\askatutor\supabase\migrations\20260623082050_70d58ecc-f89e-48ad-9e55-0d5e10f677f2.sql","1265"
"C:\Users\User\Documents\Projects\askatutor\supabase\migrations\20260623082342_5be4ee4e-9845-45f8-b995-dace190d24f1.sql","1901"
"C:\Users\User\Documents\Projects\askatutor\supabase\migrations\20260623100541_29ade4ae-9cc6-46bf-a916-ba9ecf155ff3.sql","6098"
"C:\Users\User\Documents\Projects\askatutor\supabase\migrations\20260623102100_68bc0646-a669-4dd9-9ba7-4cdb16225116.sql","1111"
"C:\Users\User\Documents\Projects\askatutor\supabase\migrations\20260623111535_6dc2ecd4-5f71-421a-a372-bd125820c267.sql","7785"
"C:\Users\User\Documents\Projects\askatutor\supabase\migrations\20260623113448_5862c988-44e2-423a-8dce-ff55c49cf774.sql","2031"
"C:\Users\User\Documents\Projects\askatutor\supabase\migrations\20260623114741_9a1edb8d-58ea-4825-8560-ba68d6527ab9.sql","552"
"C:\Users\User\Documents\Projects\askatutor\supabase\migrations\20260623121121_6dd82a2e-a01a-42c2-a505-12240ec66391.sql","4548"
"C:\Users\User\Documents\Projects\askatutor\supabase\migrations\20260701082250_cc8fecf7-8ce5-4d5e-971b-0bad7a33e4e9.sql","1063"
"C:\Users\User\Documents\Projects\askatutor\supabase\migrations\20260701084425_090d5165-a08f-4cce-ba0a-56620c1578d1.sql","750"
"C:\Users\User\Documents\Projects\askatutor\supabase\migrations\20260811090000_29d8fece-92c9-4bab-a85f-e95d49161abf.sql","787"
"C:\Users\User\Documents\Projects\askatutor\supabase\migrations\20260812060000_p0_security_fixes.sql","17523"
"C:\Users\User\Documents\Projects\askatutor\supabase\migrations\20260812100000_close_session_insert_bypass.sql","596"
"C:\Users\User\Documents\Projects\askatutor\supabase\migrations\20260812120000_restore_whiteboard_chat_tables.sql","6197"
"C:\Users\User\Documents\Projects\askatutor\supabase\migrations\20260812130000_harden_rpc_grants_and_guards.sql","11958"
"C:\Users\User\Documents\Projects\askatutor\supabase\migrations\20260812140000_revoke_public_execute_grants.sql","2791"
"C:\Users\User\Documents\Projects\askatutor\supabase\migrations\20260812150000_align_booking_gate_with_subscriptions_flag.sql","5742"
"C:\Users\User\Documents\Projects\askatutor\supabase\migrations\20260813090000_add_rls_profiles_user_roles_policies.sql","3151"
"C:\Users\User\Documents\Projects\askatutor\supabase\migrations\20260814090000_add_rls_admin_operations_policies.sql","3200"
"C:\Users\User\Documents\Projects\askatutor\supabase\migrations\20260814140000_add_rls_entitlement_gates_beyond_book_session.sql","1993"
"C:\Users\User\Documents\Projects\askatutor\supabase\migrations\20260815090000_add_rls_tutor_app_promotion_validation.sql","4171"
"C:\Users\User\Documents\Projects\askatutor\supabase\migrations\20260815140000_add_rls_parent_role_policies.sql","6279"
"C:\Users\User\Documents\Projects\askatutor\supabase_schema.json","558"
"C:\Users\User\Documents\Projects\askatutor\supabase_schema.txt","558"
"C:\Users\User\Documents\Projects\askatutor\tests\ai-entitlement.test.ts","4978"
"C:\Users\User\Documents\Projects\askatutor\tests\room-access.test.ts","2554"
"C:\Users\User\Documents\Projects\askatutor\tests\webhook-actions.test.ts","2768"
"C:\Users\User\Documents\Projects\askatutor\tsconfig.json","672"
"C:\Users\User\Documents\Projects\askatutor\tutor_apps_count.sql","54"
"C:\Users\User\Documents\Projects\askatutor\verify_profiles_policies.sql","114"
"C:\Users\User\Documents\Projects\askatutor\verify_rpcs.sql","230"
"C:\Users\User\Documents\Projects\askatutor\verify_sessions_policies.sql","114"
"C:\Users\User\Documents\Projects\askatutor\verify_tutor_courses_policies.sql","119"
"C:\Users\User\Documents\Projects\askatutor\verify_tutor_subscriptions_policies.sql","125"
"C:\Users\User\Documents\Projects\askatutor\verify_user_roles_policies.sql","116"
"C:\Users\User\Documents\Projects\askatutor\vite.config.ts","3870"
"C:\Users\User\Documents\Projects\askatutor\wrangler.jsonc","197"
"C:\Users\User\Documents\Projects\askatutor\ZERO_META.json","5160"
